total_posts,helpful_post,nice_code_post,collaborative_post,confused_post,creative_post,bad_post,amazing_post,timeonline,sk1_classroom,sk2_classroom,sk5_classroom,sk3_classroom,sk4_classroom,Approved
1.0,0.0,0.0,0.0,0.0,6.0,0.0,1.0,1600.0,2.1,2.4,3.5,3.6,1.7,0
1.0,0.0,0.0,1.0,0.0,2.0,0.0,3.0,592.0,0.3,0.3,0.0,0.1,0.2,0
2.0,4.0,3.0,9.0,0.0,16.0,1.0,8.0,1110.0,8.0,5.0,5.0,7.0,5.0,1
5.0,1.0,3.0,9.0,2.0,11.0,0.0,8.0,8651.0,6.0,5.0,4.0,6.0,4.0,1
14.0,6.0,15.0,28.0,0.0,50.0,0.0,45.0,34172.0,8.7,9.0,6.5,10.0,8.8,1
9.0,3.0,9.0,16.0,7.0,21.0,0.0,17.0,14985.0,5.1,6.0,5.0,7.5,8.6,1
15.0,10.0,21.0,21.0,1.0,34.0,0.0,37.0,25897.0,4.7,5.0,2.0,5.0,8.8,1
8.0,9.0,21.0,20.0,0.0,31.0,0.0,28.0,9476.0,5.3,5.7,4.0,5.7,8.4,1
6.0,3.0,12.0,13.0,0.0,24.0,0.0,19.0,43612.0,10.0,8.4,10.0,10.0,9.6,1
4.0,4.0,1.0,3.0,0.0,15.0,0.0,14.0,4791.0,2.3,2.6,1.0,2.9,7.0,0
5.0,1.0,3.0,6.0,0.0,16.0,0.0,20.0,18063.0,5.2,5.1,5.0,7.3,8.6,1
4.0,1.0,0.0,1.0,0.0,13.0,0.0,10.0,7269.0,5.8,6.7,7.0,6.7,8.4,1
4.0,3.0,1.0,4.0,0.0,21.0,0.0,19.0,8900.0,7.2,6.0,5.0,8.3,9.6,1
7.0,2.0,8.0,20.0,0.0,16.0,0.0,29.0,16753.0,9.3,8.4,10.0,10.0,10.0,1
5.0,1.0,0.0,4.0,0.0,8.0,0.0,24.0,17348.0,7.7,6.4,9.0,9.3,8.8,1
2.0,2.0,1.0,7.0,1.0,9.0,0.0,8.0,4152.0,7.0,5.0,5.0,6.0,8.7,1
2.0,3.0,3.0,10.0,0.0,16.0,0.0,26.0,5771.0,8.2,7.1,7.5,7.1,8.8,1
2.0,2.0,1.0,5.0,0.0,10.0,0.0,10.0,1581.0,5.0,6.0,5.0,6.0,8.1,1
1.0,0.0,0.0,1.0,0.0,2.0,0.0,4.0,368.0,5.0,6.0,5.0,6.0,8.1,1
18.0,16.0,27.0,42.0,3.0,76.0,2.0,54.0,21506.0,9.0,9.0,9.0,9.3,8.6,1
2.0,0.0,2.0,4.0,0.0,7.0,0.0,9.0,3247.0,4.2,5.9,7.5,6.1,8.7,1
13.0,8.0,14.0,33.0,1.0,35.0,0.0,26.0,20765.0,9.3,9.3,8.0,9.3,9.4,1
3.0,0.0,0.0,1.0,0.0,2.0,0.0,7.0,1284.0,0.8,0.3,0.0,0.3,0.2,0
15.0,8.0,8.0,29.0,0.0,65.0,0.0,61.0,22594.0,10.0,9.0,8.0,8.0,10.0,1
8.0,3.0,20.0,12.0,0.0,24.0,0.0,33.0,10447.0,8.3,8.4,7.0,9.3,8.4,1
13.0,11.0,13.0,24.0,0.0,34.0,0.0,28.0,19244.0,10.0,9.0,8.0,8.0,10.0,1
6.0,6.0,13.0,15.0,0.0,26.0,0.0,34.0,27669.0,7.0,5.0,5.0,6.0,10.0,1
11.0,8.0,18.0,33.0,0.0,44.0,0.0,53.0,17693.0,9.0,9.0,10.0,9.7,10.0,1
0.0,0.0,0.0,0.0,0.0,0.0,0.0,0.0,734.0,0.0,0.0,0.0,0.1,0.0,0
3.0,1.0,1.0,7.0,0.0,10.0,0.0,24.0,8867.0,8.0,8.0,9.0,8.0,9.4,1
0.0,0.0,0.0,0.0,0.0,0.0,0.0,0.0,0.0,0.0,0.0,0.0,0.0,0.0,0
4.0,0.0,0.0,4.0,0.0,12.0,0.0,9.0,14875.0,4.3,4.9,4.0,6.7,9.8,1
0.0,0.0,0.0,0.0,0.0,0.0,0.0,0.0,0.0,0.0,0.0,0.0,0.0,0.0,0
12.0,7.0,11.0,37.0,0.0,34.0,0.0,64.0,22701.0,8.0,8.0,8.0,7.0,9.0,1
2.0,5.0,1.0,7.0,2.0,4.0,0.0,2.0,1655.0,8.0,8.0,9.0,8.0,8.8,1
3.0,3.0,2.0,3.0,0.0,12.0,0.0,12.0,3019.0,5.6,5.5,6.0,5.2,9.4,1
10.0,3.0,15.0,16.0,2.0,22.0,0.0,24.0,14728.0,9.3,9.2,10.0,10.0,10.0,1
4.0,1.0,3.0,3.0,0.0,10.0,0.0,11.0,9601.0,7.0,8.0,8.0,7.0,10.0,1
7.0,9.0,16.0,35.0,0.0,27.0,0.0,27.0,18510.0,8.3,8.7,7.0,8.7,9.7,1
6.0,5.0,1.0,13.0,0.0,18.0,0.0,26.0,13084.0,6.3,6.3,7.5,7.8,10.0,1
2.0,1.0,2.0,4.0,0.0,9.0,0.0,9.0,1351.0,1.2,1.2,0.0,0.7,0.9,0
8.0,6.0,16.0,17.0,0.0,15.0,0.0,24.0,11239.0,7.0,8.0,8.0,7.0,10.0,1
0.0,0.0,0.0,0.0,0.0,0.0,0.0,0.0,0.0,0.0,0.0,0.0,0.0,0.0,0
0.0,0.0,0.0,0.0,0.0,0.0,0.0,0.0,0.0,0.0,0.0,0.0,0.0,0.0,0
6.0,3.0,4.0,11.0,0.0,17.0,0.0,25.0,7664.0,3.2,2.2,0.0,1.2,2.6,0
8.0,6.0,15.0,13.0,3.0,12.0,1.0,18.0,15354.0,6.0,4.9,3.5,6.7,7.0,1
2.0,3.0,4.0,1.0,0.0,14.0,0.0,7.0,32098.0,7.0,6.0,6.0,8.0,8.6,1
0.0,0.0,0.0,0.0,0.0,0.0,0.0,0.0,0.0,0.0,0.0,0.0,0.0,0.0,0
0.0,0.0,0.0,0.0,0.0,0.0,0.0,0.0,0.0,0.0,0.0,0.0,0.0,0.0,0
2.0,0.0,2.0,2.0,0.0,3.0,0.0,10.0,2581.0,1.3,0.4,0.0,0.4,9.4,0
6.0,1.0,14.0,19.0,0.0,26.0,0.0,25.0,12576.0,5.0,3.3,10.0,1.5,10.0,1
4.0,2.0,1.0,7.0,0.0,8.0,0.0,17.0,2995.0,9.0,9.0,8.0,10.0,8.0,1
4.0,1.0,3.0,7.0,0.0,17.0,0.0,8.0,2042.0,9.0,9.0,8.0,10.0,8.0,1
8.0,4.0,19.0,8.0,0.0,26.0,0.0,25.0,3377.0,7.0,8.0,8.0,7.0,10.0,1
3.0,5.0,6.0,11.0,0.0,19.0,0.0,16.0,13037.0,6.4,8.1,7.5,8.2,9.4,1
5.0,5.0,11.0,12.0,0.0,14.0,0.0,21.0,15228.0,4.7,4.3,1.5,5.0,9.6,1
0.0,0.0,0.0,0.0,0.0,0.0,0.0,0.0,0.0,0.0,0.0,0.0,0.0,0.0,0
2.0,3.0,2.0,4.0,0.0,7.0,0.0,7.0,1835.0,1.0,0.9,0.0,0.3,8.8,0
5.0,5.0,0.0,12.0,5.0,11.0,0.0,12.0,18545.0,4.8,5.4,5.0,7.3,9.4,1
0.0,0.0,0.0,0.0,0.0,0.0,0.0,0.0,0.0,0.0,0.0,0.0,0.0,0.0,0
0.0,0.0,0.0,0.0,0.0,0.0,0.0,0.0,0.0,0.0,0.0,0.0,0.0,0.0,0
11.0,12.0,39.0,22.0,2.0,45.0,0.0,28.0,18955.0,6.3,5.7,4.5,8.0,7.0,1
3.0,0.0,0.0,4.0,0.0,11.0,0.0,7.0,2944.0,7.0,8.0,8.0,7.0,10.0,1
1.0,0.0,0.0,1.0,0.0,4.0,0.0,4.0,4271.0,0.4,0.5,0.0,0.4,0.2,0
8.0,6.0,2.0,11.0,0.0,24.0,0.0,18.0,7568.0,7.0,5.0,5.0,4.3,10.0,1
7.0,6.0,9.0,19.0,0.0,32.0,0.0,28.0,16395.0,7.0,7.3,5.0,8.0,9.8,1
46.0,53.0,90.0,89.0,3.0,150.0,0.0,155.0,39314.0,10.0,10.0,8.0,10.0,10.0,1
6.0,5.0,14.0,16.0,5.0,24.0,0.0,22.0,13221.0,6.7,6.7,4.0,8.3,9.4,1
0.0,0.0,0.0,0.0,0.0,0.0,0.0,0.0,988.0,0.0,0.0,0.0,0.1,0.0,0
2.0,2.0,2.0,2.0,0.0,7.0,0.0,9.0,2100.0,2.2,1.9,2.5,1.1,8.4,0
5.0,8.0,9.0,19.0,2.0,22.0,0.0,17.0,6826.0,8.0,7.2,7.0,7.1,9.3,1
20.0,23.0,32.0,33.0,0.0,13.0,0.0,36.0,22650.0,6.5,9.0,8.6,6.1,8.7,1
28.0,3.0,15.0,43.0,0.0,27.0,0.0,30.0,9465.0,8.6,7.9,6.3,7.1,9.3,1
20.0,17.0,9.0,9.0,0.0,15.0,0.0,7.0,31802.0,8.7,8.2,7.0,8.9,7.9,1
29.0,2.0,26.0,41.0,0.0,41.0,0.0,6.0,24699.0,6.5,7.2,9.4,9.3,8.8,1
31.0,13.0,4.0,11.0,0.0,49.0,0.0,61.0,20558.0,9.3,6.9,8.0,9.4,9.3,1
7.0,4.0,4.0,5.0,6.0,8.0,1.0,1.0,9317.0,3.2,0.9,4.5,0.5,1.0,0
4.0,3.0,2.0,8.0,2.0,13.0,0.0,1.0,7098.0,1.8,2.5,1.9,4.0,5.3,0
15.0,13.0,25.0,5.0,1.0,12.0,0.0,51.0,17678.0,7.3,6.8,7.6,6.4,8.4,1
4.0,2.0,0.0,0.0,1.0,4.0,1.0,13.0,4384.0,4.0,0.9,1.8,0.5,0.1,0
30.0,17.0,8.0,26.0,1.0,32.0,0.0,17.0,9307.0,6.6,7.0,9.3,7.7,9.2,1
38.0,4.0,24.0,7.0,0.0,46.0,0.0,10.0,19130.0,9.3,7.0,7.6,7.3,9.9,1
32.0,18.0,2.0,33.0,1.0,14.0,0.0,39.0,15771.0,6.3,8.6,7.2,7.6,8.2,1
5.0,4.0,1.0,5.0,2.0,10.0,0.0,9.0,9236.0,4.9,3.8,0.7,4.9,1.5,0
6.0,3.0,1.0,8.0,3.0,7.0,0.0,0.0,3002.0,2.9,0.7,0.2,4.5,1.9,0
17.0,3.0,22.0,31.0,1.0,57.0,0.0,51.0,11815.0,7.5,8.4,10.0,8.7,6.7,1
3.0,3.0,4.0,2.0,5.0,6.0,1.0,11.0,8341.0,4.1,3.9,2.9,0.6,0.4,0
6.0,3.0,1.0,6.0,1.0,14.0,2.0,18.0,3117.0,4.2,1.5,2.3,1.5,3.5,0
31.0,24.0,33.0,12.0,0.0,17.0,0.0,36.0,23043.0,6.2,9.0,8.0,9.1,9.9,1
13.0,23.0,15.0,34.0,1.0,68.0,0.0,31.0,8415.0,9.2,6.8,9.7,7.3,9.1,1
6.0,5.0,20.0,36.0,1.0,33.0,0.0,31.0,21518.0,9.8,7.3,9.2,9.2,9.4,1
3.0,3.0,3.0,4.0,1.0,11.0,0.0,12.0,9121.0,5.2,0.2,0.1,4.8,3.2,0
6.0,2.0,0.0,6.0,1.0,17.0,1.0,15.0,1690.0,1.0,4.7,4.7,2.4,4.1,0
26.0,12.0,33.0,34.0,0.0,23.0,0.0,63.0,31817.0,6.8,9.7,7.7,6.5,8.6,1
0.0,3.0,1.0,2.0,6.0,2.0,2.0,14.0,3758.0,1.6,2.4,0.7,1.2,5.1,0
6.0,23.0,28.0,9.0,1.0,47.0,0.0,58.0,29234.0,9.0,6.0,8.7,9.6,8.7,1
35.0,11.0,26.0,43.0,1.0,47.0,0.0,33.0,39924.0,6.7,8.9,7.0,9.2,9.2,1
29.0,15.0,9.0,40.0,0.0,38.0,0.0,39.0,18876.0,8.4,8.9,8.7,9.5,6.2,1
30.0,10.0,33.0,22.0,0.0,63.0,0.0,24.0,33395.0,6.6,6.1,9.9,7.9,7.9,1
5.0,4.0,0.0,2.0,3.0,14.0,1.0,18.0,443.0,4.6,1.8,4.9,0.1,2.2,0
37.0,17.0,3.0,48.0,1.0,27.0,0.0,9.0,30485.0,6.8,9.8,7.7,6.5,9.0,1
39.0,15.0,28.0,44.0,1.0,50.0,0.0,6.0,16246.0,7.7,6.2,7.3,8.6,7.6,1
4.0,3.0,4.0,6.0,1.0,5.0,0.0,12.0,6790.0,4.8,4.8,5.3,2.9,4.9,0
6.0,0.0,0.0,8.0,4.0,6.0,1.0,3.0,5592.0,1.9,0.6,4.2,2.5,2.1,0
27.0,18.0,28.0,13.0,0.0,60.0,0.0,49.0,32928.0,6.1,9.5,6.4,6.7,7.3,1
31.0,6.0,7.0,12.0,0.0,31.0,0.0,31.0,18834.0,9.1,9.4,6.6,9.4,9.5,1
0.0,2.0,3.0,6.0,5.0,18.0,2.0,6.0,4815.0,4.2,5.2,0.0,4.5,0.2,0
29.0,7.0,3.0,33.0,1.0,37.0,0.0,28.0,31499.0,7.9,6.1,6.7,6.4,7.9,1
33.0,24.0,22.0,29.0,1.0,6.0,0.0,25.0,39346.0,7.6,7.2,6.5,9.4,7.9,1
0.0,2.0,2.0,6.0,5.0,15.0,2.0,13.0,1770.0,5.1,3.6,4.7,5.0,1.9,0
2.0,4.0,3.0,6.0,5.0,6.0,1.0,3.0,596.0,3.7,1.8,3.3,1.6,2.1,0
35.0,2.0,18.0,6.0,0.0,34.0,0.0,37.0,8208.0,7.9,6.6,7.9,7.4,9.5,1
33.0,4.0,16.0,13.0,1.0,36.0,0.0,59.0,32371.0,9.5,6.8,6.6,6.2,7.4,1
0.0,1.0,4.0,6.0,1.0,19.0,1.0,12.0,6795.0,4.3,2.3,2.8,1.5,1.5,0
8.0,18.0,23.0,29.0,0.0,69.0,0.0,52.0,27290.0,9.7,9.5,6.6,9.0,8.6,1
7.0,5.0,10.0,6.0,1.0,41.0,0.0,27.0,11005.0,6.1,6.2,7.8,6.1,8.4,1
10.0,24.0,6.0,32.0,1.0,55.0,0.0,39.0,33998.0,8.2,9.5,7.3,6.9,6.8,1
7.0,4.0,1.0,6.0,4.0,19.0,2.0,15.0,5882.0,4.2,0.4,3.4,1.5,4.4,0
21.0,16.0,16.0,12.0,0.0,9.0,0.0,54.0,20752.0,6.9,7.7,6.3,6.3,8.7,1
15.0,19.0,13.0,16.0,0.0,65.0,0.0,50.0,15479.0,8.6,6.9,6.8,6.7,9.1,1
24.0,10.0,18.0,37.0,0.0,34.0,0.0,51.0,27115.0,8.8,9.2,9.9,9.5,7.6,1
28.0,16.0,9.0,22.0,0.0,56.0,0.0,51.0,22297.0,6.9,7.7,8.2,7.5,9.9,1
28.0,20.0,2.0,37.0,1.0,58.0,0.0,30.0,37798.0,8.1,6.1,9.7,7.6,8.9,1
0.0,1.0,2.0,6.0,5.0,3.0,1.0,9.0,3598.0,0.7,1.3,0.5,2.9,4.7,0
25.0,12.0,11.0,9.0,1.0,17.0,0.0,38.0,18440.0,9.0,6.5,9.7,9.6,7.7,1
6.0,0.0,2.0,9.0,5.0,8.0,1.0,8.0,6030.0,1.5,2.7,3.9,3.9,1.7,0
15.0,10.0,22.0,41.0,1.0,23.0,0.0,50.0,37786.0,9.2,6.0,6.6,6.5,7.7,1
31.0,24.0,12.0,24.0,1.0,33.0,0.0,31.0,22607.0,9.9,8.9,9.1,7.4,7.7,1
16.0,17.0,30.0,47.0,0.0,35.0,0.0,32.0,29225.0,9.6,9.5,6.8,9.3,8.3,1
23.0,7.0,34.0,12.0,1.0,18.0,0.0,8.0,21220.0,6.6,7.3,8.6,7.3,9.6,1
34.0,13.0,17.0,17.0,0.0,54.0,0.0,67.0,17013.0,7.9,7.8,8.1,9.9,6.9,1
2.0,2.0,1.0,1.0,1.0,10.0,2.0,2.0,8529.0,0.6,4.1,0.8,5.0,3.8,0
27.0,13.0,5.0,6.0,1.0,68.0,0.0,49.0,10475.0,7.1,8.2,8.3,6.5,8.2,1
14.0,9.0,7.0,14.0,0.0,23.0,0.0,67.0,28328.0,9.4,8.6,6.7,7.6,7.8,1
23.0,6.0,6.0,23.0,0.0,10.0,0.0,23.0,16048.0,10.0,8.8,9.1,6.9,6.6,1
27.0,14.0,7.0,45.0,1.0,37.0,0.0,6.0,8898.0,8.1,8.9,7.0,7.2,6.6,1
4.0,4.0,3.0,5.0,4.0,14.0,2.0,2.0,4225.0,0.2,4.1,3.0,1.7,2.5,0
11.0,22.0,12.0,33.0,0.0,57.0,0.0,52.0,23710.0,6.4,7.6,9.7,7.7,8.9,1
28.0,18.0,29.0,22.0,0.0,47.0,0.0,39.0,25149.0,7.7,8.7,9.4,9.7,7.5,1
11.0,20.0,6.0,33.0,1.0,52.0,0.0,45.0,14478.0,7.2,9.4,7.4,8.0,8.8,1
7.0,2.0,1.0,6.0,4.0,13.0,0.0,10.0,3178.0,2.8,0.6,4.2,2.6,0.2,0
32.0,24.0,27.0,18.0,0.0,6.0,0.0,59.0,19661.0,9.6,7.8,8.1,6.5,7.1,1
25.0,10.0,2.0,10.0,1.0,6.0,0.0,55.0,37004.0,9.6,6.5,8.6,8.6,8.4,1
8.0,11.0,2.0,20.0,1.0,62.0,0.0,22.0,27654.0,8.2,6.2,6.4,8.8,7.0,1
26.0,20.0,13.0,26.0,1.0,60.0,0.0,48.0,21512.0,8.0,6.3,7.7,8.3,6.2,1
11.0,11.0,14.0,14.0,1.0,67.0,0.0,24.0,29697.0,6.6,9.0,10.0,9.3,7.9,1
28.0,15.0,4.0,48.0,1.0,24.0,0.0,37.0,25293.0,6.1,7.1,7.6,6.4,9.2,1
0.0,2.0,2.0,2.0,2.0,2.0,1.0,19.0,1411.0,5.3,2.3,0.4,3.2,2.9,0
7.0,22.0,32.0,30.0,1.0,51.0,0.0,12.0,34692.0,9.4,7.7,8.2,6.2,7.2,1
7.0,3.0,0.0,3.0,4.0,7.0,0.0,14.0,9123.0,4.6,3.6,1.8,4.0,4.2,0
7.0,0.0,1.0,4.0,6.0,9.0,0.0,18.0,1674.0,0.6,1.4,3.1,4.1,3.6,0
1.0,0.0,1.0,0.0,1.0,0.0,1.0,10.0,3286.0,3.2,3.0,5.3,3.9,2.4,0
31.0,14.0,14.0,40.0,0.0,45.0,0.0,23.0,18837.0,9.4,9.1,6.6,7.8,7.5,1
0.0,2.0,4.0,9.0,1.0,9.0,0.0,5.0,1801.0,0.4,5.3,0.8,0.2,1.7,0
6.0,20.0,16.0,23.0,1.0,24.0,0.0,26.0,27364.0,6.3,6.8,9.2,7.0,7.5,1
0.0,2.0,3.0,8.0,6.0,0.0,1.0,4.0,9694.0,5.3,2.2,2.7,5.3,2.3,0
1.0,2.0,3.0,7.0,5.0,17.0,2.0,19.0,1040.0,3.7,3.7,1.4,1.2,5.4,0
10.0,5.0,33.0,19.0,1.0,64.0,0.0,5.0,28091.0,6.7,9.4,9.6,7.7,7.1,1
36.0,7.0,15.0,36.0,1.0,48.0,0.0,54.0,23920.0,6.9,9.0,7.1,6.4,6.2,1
15.0,4.0,22.0,16.0,0.0,50.0,0.0,55.0,34699.0,8.7,8.0,8.9,7.4,6.9,1
37.0,12.0,31.0,18.0,0.0,59.0,0.0,35.0,37288.0,8.4,8.6,9.8,6.4,8.2,1
23.0,4.0,12.0,38.0,1.0,35.0,0.0,65.0,19384.0,6.3,8.6,7.0,6.8,8.9,1
20.0,5.0,2.0,9.0,1.0,43.0,0.0,42.0,19318.0,6.1,6.8,6.2,8.5,7.5,1
25.0,24.0,25.0,27.0,0.0,34.0,0.0,26.0,39222.0,7.8,9.7,8.6,6.0,9.9,1
37.0,4.0,21.0,13.0,1.0,7.0,0.0,53.0,30229.0,8.6,8.5,9.5,8.4,6.1,1
22.0,21.0,10.0,42.0,0.0,64.0,0.0,19.0,29372.0,8.5,7.6,10.0,7.3,6.1,1
39.0,10.0,32.0,45.0,0.0,66.0,0.0,64.0,29515.0,8.4,6.3,8.5,7.3,8.3,1
7.0,1.0,1.0,4.0,4.0,6.0,0.0,13.0,1455.0,2.0,1.2,4.8,1.4,0.7,0
1.0,3.0,1.0,7.0,2.0,4.0,2.0,4.0,4305.0,0.5,3.1,2.5,4.3,0.6,0
22.0,12.0,15.0,17.0,0.0,51.0,0.0,32.0,29046.0,7.6,10.0,10.0,8.7,7.8,1
22.0,13.0,4.0,28.0,0.0,51.0,0.0,14.0,31364.0,9.4,9.8,6.1,7.4,6.7,1
1.0,3.0,1.0,3.0,4.0,13.0,1.0,17.0,4413.0,4.6,5.2,3.3,3.9,4.4,0
12.0,24.0,9.0,35.0,0.0,67.0,0.0,19.0,17954.0,7.2,8.9,8.4,10.0,8.5,1
10.0,7.0,18.0,7.0,0.0,57.0,0.0,62.0,36582.0,9.9,9.5,7.7,7.9,6.8,1
5.0,0.0,3.0,9.0,6.0,19.0,0.0,0.0,7566.0,0.5,3.0,4.2,0.4,4.3,0
4.0,4.0,1.0,9.0,5.0,19.0,2.0,12.0,959.0,0.0,2.9,4.1,2.8,3.2,0
27.0,9.0,4.0,5.0,1.0,49.0,0.0,47.0,13247.0,7.9,6.9,7.2,8.1,8.5,1
1.0,3.0,1.0,1.0,5.0,19.0,1.0,17.0,1010.0,4.3,3.3,2.2,0.4,0.1,0
0.0,3.0,0.0,0.0,2.0,3.0,2.0,4.0,3358.0,4.3,0.9,5.1,4.6,5.0,0
20.0,11.0,27.0,14.0,0.0,42.0,0.0,11.0,10530.0,6.6,7.5,9.1,9.5,6.8,1
27.0,18.0,31.0,13.0,1.0,34.0,0.0,48.0,8594.0,9.1,6.3,9.7,7.0,9.2,1
11.0,21.0,32.0,33.0,0.0,35.0,0.0,62.0,23969.0,6.3,7.1,9.2,6.9,9.3,1
5.0,1.0,3.0,5.0,5.0,5.0,0.0,14.0,7144.0,2.5,0.2,4.0,2.8,1.4,0
36.0,6.0,9.0,31.0,0.0,19.0,0.0,51.0,15660.0,7.7,7.7,9.6,6.3,7.1,1
4.0,4.0,4.0,0.0,5.0,15.0,1.0,9.0,4748.0,1.1,1.9,2.1,0.6,5.2,0
6.0,14.0,5.0,11.0,1.0,26.0,0.0,69.0,16303.0,7.9,8.9,7.7,7.3,8.9,1
34.0,3.0,17.0,34.0,0.0,60.0,0.0,49.0,28353.0,9.8,7.9,6.0,9.5,8.4,1
25.0,3.0,23.0,9.0,0.0,22.0,0.0,60.0,33710.0,6.5,8.1,9.7,9.6,7.0,1
1.0,0.0,0.0,3.0,1.0,5.0,1.0,4.0,871.0,0.5,0.3,1.8,3.1,0.5,0
25.0,3.0,26.0,35.0,1.0,12.0,0.0,21.0,11503.0,9.1,6.4,9.0,9.8,9.4,1
24.0,9.0,20.0,22.0,0.0,11.0,0.0,58.0,10389.0,7.3,9.3,9.8,8.0,7.2,1
18.0,21.0,9.0,25.0,1.0,19.0,0.0,42.0,24103.0,6.9,10.0,8.0,7.5,7.7,1
10.0,24.0,33.0,25.0,0.0,9.0,0.0,38.0,15159.0,9.8,8.9,8.9,7.7,7.0,1
23.0,20.0,6.0,26.0,1.0,14.0,0.0,22.0,8844.0,8.8,9.8,9.1,9.5,9.1,1
33.0,2.0,26.0,14.0,0.0,62.0,0.0,60.0,10368.0,7.8,9.3,9.2,6.1,6.8,1
27.0,8.0,16.0,15.0,1.0,44.0,0.0,5.0,15850.0,6.7,6.0,6.4,8.4,8.4,1
26.0,24.0,23.0,48.0,0.0,42.0,0.0,53.0,39951.0,6.2,8.4,8.5,6.1,9.6,1
37.0,16.0,23.0,29.0,0.0,17.0,0.0,49.0,21495.0,7.1,6.1,9.4,7.5,8.0,1
20.0,2.0,18.0,9.0,0.0,8.0,0.0,68.0,33139.0,7.1,7.9,9.5,7.0,9.3,1
10.0,23.0,14.0,47.0,0.0,32.0,0.0,20.0,26216.0,7.7,7.8,6.2,6.3,6.6,1
10.0,7.0,10.0,34.0,1.0,14.0,0.0,14.0,13598.0,6.3,9.8,6.6,9.8,7.0,1
27.0,14.0,33.0,28.0,0.0,22.0,0.0,14.0,29858.0,9.5,8.1,8.7,6.1,9.2,1
39.0,9.0,17.0,43.0,1.0,60.0,0.0,57.0,25133.0,8.6,8.4,9.2,7.0,6.7,1
18.0,14.0,3.0,6.0,0.0,51.0,0.0,32.0,32541.0,7.7,8.3,6.4,9.5,6.5,1
29.0,18.0,34.0,32.0,0.0,20.0,0.0,67.0,32482.0,8.4,8.9,6.8,8.7,6.9,1
37.0,10.0,17.0,7.0,0.0,49.0,0.0,14.0,34777.0,9.5,7.7,9.3,7.8,9.2,1
30.0,7.0,25.0,13.0,1.0,55.0,0.0,46.0,29341.0,6.0,7.4,7.3,7.2,7.1,1
25.0,13.0,20.0,23.0,1.0,47.0,0.0,55.0,20162.0,7.1,6.2,6.3,8.9,9.3,1
0.0,4.0,1.0,0.0,4.0,16.0,2.0,16.0,1910.0,3.1,2.9,0.9,0.4,1.2,0
14.0,6.0,19.0,29.0,0.0,53.0,0.0,54.0,11663.0,6.9,6.9,9.2,8.9,9.6,1
33.0,8.0,20.0,36.0,0.0,34.0,0.0,38.0,36328.0,8.5,8.4,9.0,7.4,9.7,1
14.0,5.0,22.0,14.0,1.0,13.0,0.0,65.0,38257.0,9.0,8.3,8.4,7.1,6.4,1
14.0,12.0,27.0,22.0,0.0,23.0,0.0,23.0,32639.0,9.5,7.9,7.0,8.4,8.9,1
0.0,2.0,1.0,1.0,3.0,10.0,1.0,12.0,7576.0,3.5,4.6,0.6,4.7,1.6,0
7.0,3.0,2.0,0.0,6.0,9.0,0.0,0.0,9895.0,1.3,0.2,1.4,2.5,1.3,0
11.0,19.0,29.0,11.0,0.0,30.0,0.0,42.0,37891.0,6.4,9.2,8.4,6.2,9.2,1
4.0,1.0,0.0,9.0,1.0,7.0,1.0,2.0,6949.0,3.3,0.1,1.1,0.8,2.2,0
25.0,11.0,2.0,23.0,0.0,17.0,0.0,66.0,30952.0,6.2,6.2,6.4,6.3,7.0,1
22.0,11.0,25.0,30.0,1.0,28.0,0.0,37.0,25946.0,7.7,7.1,9.2,8.0,7.6,1
39.0,17.0,33.0,25.0,0.0,69.0,0.0,40.0,36527.0,7.2,8.8,7.3,7.2,7.8,1
25.0,16.0,3.0,49.0,1.0,19.0,0.0,65.0,12785.0,7.6,8.7,9.1,8.8,9.1,1
24.0,16.0,33.0,26.0,0.0,54.0,0.0,7.0,10338.0,6.6,9.2,9.3,7.2,6.4,1
18.0,15.0,33.0,40.0,0.0,41.0,0.0,51.0,28113.0,8.8,6.2,7.8,7.5,9.8,1
37.0,10.0,4.0,9.0,1.0,17.0,0.0,14.0,33770.0,9.2,8.9,8.4,7.1,9.3,1
2.0,2.0,4.0,2.0,3.0,0.0,1.0,2.0,5111.0,3.8,2.7,2.6,4.5,2.8,0
32.0,4.0,21.0,39.0,0.0,60.0,0.0,45.0,10819.0,9.7,8.2,6.4,6.8,6.0,1
36.0,18.0,27.0,25.0,1.0,12.0,0.0,66.0,18666.0,10.0,7.5,8.8,9.4,6.6,1
19.0,9.0,24.0,26.0,1.0,33.0,0.0,30.0,27599.0,8.6,6.5,6.4,6.5,9.4,1
25.0,9.0,2.0,5.0,1.0,43.0,0.0,56.0,25106.0,7.5,9.1,6.6,6.1,8.9,1
32.0,22.0,4.0,16.0,0.0,68.0,0.0,59.0,27360.0,9.7,7.8,9.3,7.3,8.1,1
32.0,22.0,19.0,10.0,1.0,65.0,0.0,65.0,34780.0,8.7,7.9,8.1,7.6,8.1,1
12.0,19.0,14.0,47.0,1.0,56.0,0.0,6.0,16036.0,8.8,6.3,8.0,7.0,6.6,1
17.0,10.0,3.0,25.0,1.0,48.0,0.0,51.0,13565.0,7.3,9.5,9.1,9.6,9.7,1
28.0,6.0,30.0,10.0,0.0,25.0,0.0,14.0,24891.0,7.1,8.5,6.8,7.3,7.7,1
4.0,2.0,3.0,4.0,2.0,10.0,0.0,19.0,294.0,3.4,4.3,3.1,2.2,2.4,0
16.0,6.0,11.0,17.0,1.0,11.0,0.0,9.0,16067.0,6.9,7.8,6.4,7.4,9.3,1
6.0,0.0,0.0,1.0,2.0,9.0,1.0,16.0,9822.0,1.2,2.5,1.4,0.7,1.8,0
12.0,24.0,7.0,17.0,1.0,15.0,0.0,49.0,10149.0,6.8,7.0,7.4,7.8,7.5,1
1.0,3.0,0.0,6.0,4.0,14.0,1.0,19.0,8846.0,1.7,4.9,4.0,4.5,2.0,0
26.0,6.0,26.0,35.0,0.0,42.0,0.0,66.0,30637.0,6.5,7.4,8.8,9.5,6.8,1
25.0,9.0,11.0,20.0,1.0,8.0,0.0,12.0,26525.0,9.6,6.4,8.4,8.2,9.0,1
5.0,1.0,3.0,9.0,3.0,4.0,1.0,0.0,3643.0,2.4,3.4,1.2,3.4,3.1,0
7.0,8.0,28.0,45.0,1.0,22.0,0.0,13.0,16069.0,6.2,9.1,9.8,9.1,8.0,1
3.0,0.0,1.0,3.0,3.0,2.0,1.0,13.0,34.0,3.8,0.9,3.3,4.8,2.3,0
10.0,21.0,31.0,20.0,0.0,29.0,0.0,36.0,35266.0,7.8,9.4,7.8,6.4,9.1,1
14.0,5.0,27.0,5.0,0.0,62.0,0.0,13.0,8209.0,6.4,6.7,6.7,8.0,7.0,1
29.0,10.0,20.0,21.0,1.0,19.0,0.0,10.0,17759.0,7.4,9.0,9.4,9.3,9.5,1
6.0,13.0,33.0,48.0,0.0,66.0,0.0,43.0,17096.0,9.0,9.7,9.6,8.3,9.0,1
17.0,13.0,34.0,13.0,0.0,58.0,0.0,53.0,36477.0,7.9,9.7,8.1,6.4,8.5,1
1.0,0.0,0.0,5.0,1.0,12.0,0.0,1.0,58.0,4.0,1.3,4.2,4.3,0.2,0
2.0,1.0,2.0,4.0,5.0,1.0,1.0,3.0,8236.0,3.9,5.1,3.1,1.0,2.2,0
19.0,24.0,27.0,11.0,1.0,10.0,0.0,49.0,39593.0,6.2,7.0,8.5,6.8,7.3,1
19.0,10.0,19.0,12.0,1.0,21.0,0.0,10.0,20172.0,9.2,6.8,7.5,9.6,8.5,1
1.0,1.0,4.0,1.0,2.0,6.0,0.0,14.0,8504.0,0.4,2.9,1.6,5.2,1.5,0
38.0,7.0,22.0,42.0,1.0,43.0,0.0,34.0,20609.0,9.3,8.3,7.9,6.8,9.3,1
18.0,22.0,27.0,32.0,0.0,56.0,0.0,67.0,22532.0,7.1,6.2,8.6,9.7,9.4,1
5.0,4.0,4.0,6.0,3.0,0.0,0.0,18.0,3202.0,4.1,1.0,0.2,1.5,1.6,0
7.0,8.0,24.0,15.0,1.0,56.0,0.0,28.0,32270.0,9.7,9.8,6.8,6.7,6.7,1
25.0,6.0,10.0,39.0,0.0,27.0,0.0,45.0,10637.0,9.0,6.4,9.8,6.4,6.6,1
30.0,5.0,20.0,27.0,0.0,46.0,0.0,56.0,15900.0,9.7,6.6,9.8,7.9,8.4,1
23.0,11.0,8.0,11.0,0.0,27.0,0.0,60.0,21476.0,9.2,9.9,9.5,8.8,9.8,1
6.0,0.0,1.0,9.0,6.0,6.0,0.0,15.0,4881.0,2.4,4.8,0.0,4.9,0.6,0
2.0,4.0,3.0,3.0,5.0,9.0,1.0,9.0,7198.0,4.0,1.8,2.2,5.1,0.2,0
21.0,23.0,27.0,45.0,1.0,37.0,0.0,22.0,37264.0,9.1,9.3,9.6,7.6,7.7,1
9.0,10.0,21.0,13.0,0.0,43.0,0.0,59.0,22395.0,8.9,8.3,6.6,7.9,9.8,1
11.0,3.0,32.0,47.0,0.0,64.0,0.0,9.0,23936.0,6.8,6.7,6.7,7.5,8.9,1
32.0,4.0,20.0,35.0,1.0,33.0,0.0,60.0,9044.0,9.2,9.4,7.2,9.3,8.8,1
29.0,16.0,6.0,27.0,0.0,57.0,0.0,41.0,22942.0,7.2,8.3,8.8,9.8,8.0,1
7.0,5.0,8.0,16.0,1.0,66.0,0.0,11.0,24401.0,7.8,7.2,7.1,7.6,8.1,1
26.0,18.0,22.0,25.0,0.0,44.0,0.0,42.0,28756.0,9.4,7.5,8.6,8.8,6.7,1
8.0,21.0,13.0,12.0,1.0,22.0,0.0,31.0,19015.0,7.3,8.7,8.9,7.0,9.3,1
30.0,18.0,34.0,39.0,0.0,53.0,0.0,37.0,28872.0,6.3,9.1,6.8,8.5,9.3,1
16.0,22.0,9.0,33.0,0.0,34.0,0.0,21.0,29168.0,9.6,8.0,7.2,7.4,9.0,1
0.0,2.0,2.0,2.0,5.0,3.0,2.0,17.0,1751.0,1.3,2.9,4.8,3.7,1.4,0
39.0,17.0,16.0,26.0,0.0,46.0,0.0,69.0,16775.0,8.1,7.5,7.9,7.9,7.4,1
29.0,15.0,15.0,44.0,1.0,50.0,0.0,6.0,30573.0,6.0,6.8,6.1,7.5,6.5,1
6.0,9.0,11.0,29.0,0.0,11.0,0.0,44.0,12915.0,10.0,7.2,7.6,8.5,8.7,1
29.0,6.0,33.0,26.0,0.0,66.0,0.0,41.0,25591.0,6.5,9.8,8.9,8.5,7.7,1
39.0,10.0,31.0,23.0,1.0,52.0,0.0,37.0,13126.0,9.9,8.5,6.0,6.7,6.1,1
28.0,16.0,3.0,39.0,0.0,45.0,0.0,11.0,17932.0,9.5,8.3,8.8,7.1,9.2,1
26.0,16.0,30.0,38.0,0.0,44.0,0.0,42.0,19893.0,7.2,6.7,9.6,10.0,8.2,1
33.0,14.0,28.0,25.0,1.0,10.0,0.0,10.0,22624.0,9.7,7.9,6.1,9.0,8.9,1
33.0,14.0,19.0,13.0,1.0,25.0,0.0,68.0,9665.0,9.1,6.3,9.4,6.4,7.0,1
9.0,4.0,28.0,20.0,1.0,27.0,0.0,29.0,39688.0,8.3,9.6,6.4,8.5,9.9,1
37.0,3.0,11.0,10.0,1.0,52.0,0.0,50.0,20357.0,7.3,7.3,6.2,8.4,9.7,1
31.0,16.0,7.0,36.0,0.0,33.0,0.0,60.0,36176.0,7.2,6.3,7.3,8.5,7.4,1
7.0,23.0,9.0,38.0,0.0,29.0,0.0,13.0,28723.0,9.9,7.4,6.5,6.2,9.0,1
4.0,0.0,1.0,3.0,4.0,9.0,2.0,6.0,2537.0,1.8,3.1,4.7,4.1,4.8,0
3.0,3.0,0.0,8.0,3.0,12.0,1.0,17.0,2665.0,2.2,3.9,3.1,4.7,4.7,0
2.0,1.0,3.0,3.0,6.0,3.0,2.0,1.0,7372.0,1.1,4.1,3.9,0.2,3.8,0
20.0,19.0,27.0,10.0,0.0,11.0,0.0,44.0,37454.0,6.1,6.2,9.4,9.2,6.2,1
16.0,20.0,25.0,22.0,0.0,53.0,0.0,5.0,35516.0,8.2,6.3,8.2,8.4,6.7,1
11.0,19.0,3.0,30.0,1.0,59.0,0.0,63.0,15116.0,8.8,9.6,6.3,6.1,7.2,1
11.0,7.0,9.0,22.0,1.0,62.0,0.0,54.0,13417.0,8.7,9.6,9.8,6.6,6.2,1
2.0,1.0,0.0,6.0,3.0,2.0,0.0,1.0,3614.0,2.9,3.8,0.4,5.4,2.6,0
7.0,1.0,0.0,1.0,5.0,8.0,1.0,12.0,44.0,3.9,3.1,1.1,0.2,2.4,0
10.0,18.0,15.0,35.0,0.0,24.0,0.0,45.0,24644.0,6.8,10.0,9.5,8.7,9.7,1
3.0,2.0,1.0,6.0,5.0,8.0,0.0,18.0,3676.0,1.8,2.7,3.9,4.2,2.9,0
23.0,11.0,27.0,39.0,0.0,5.0,0.0,52.0,35730.0,7.4,8.4,9.9,7.4,7.9,1
21.0,2.0,9.0,11.0,0.0,61.0,0.0,16.0,18726.0,8.7,9.6,9.2,8.5,9.8,1
28.0,11.0,19.0,44.0,0.0,5.0,0.0,19.0,22851.0,8.1,7.7,8.0,8.0,8.4,1
33.0,8.0,9.0,27.0,0.0,54.0,0.0,10.0,8811.0,8.1,7.6,9.6,8.6,9.6,1
4.0,0.0,3.0,5.0,4.0,4.0,2.0,10.0,2664.0,2.7,2.5,1.9,0.4,0.9,0
23.0,3.0,27.0,34.0,1.0,22.0,0.0,61.0,19667.0,8.0,7.5,9.1,6.9,6.6,1
15.0,19.0,19.0,40.0,1.0,15.0,0.0,46.0,38647.0,6.4,10.0,8.8,6.8,9.9,1
13.0,23.0,27.0,37.0,0.0,52.0,0.0,34.0,36009.0,7.0,8.0,8.6,8.9,9.9,1
6.0,1.0,2.0,8.0,2.0,15.0,2.0,4.0,4871.0,2.4,2.5,4.2,2.0,3.9,0
28.0,12.0,13.0,48.0,1.0,50.0,0.0,13.0,34046.0,6.6,7.9,8.4,9.7,8.2,1
24.0,10.0,33.0,24.0,1.0,26.0,0.0,12.0,31460.0,6.1,6.4,7.6,9.7,6.5,1
7.0,1.0,0.0,5.0,4.0,0.0,2.0,5.0,4796.0,4.9,1.3,1.1,0.7,3.8,0
7.0,0.0,3.0,5.0,3.0,5.0,1.0,15.0,7305.0,1.9,0.3,1.9,1.3,0.7,0
35.0,3.0,18.0,40.0,0.0,16.0,0.0,64.0,35091.0,6.8,8.0,7.6,9.9,8.6,1
9.0,6.0,24.0,40.0,0.0,6.0,0.0,26.0,38776.0,9.5,9.3,8.5,7.9,8.3,1
1.0,4.0,0.0,7.0,4.0,5.0,2.0,13.0,4278.0,4.3,5.1,2.3,0.2,1.7,0
37.0,9.0,13.0,32.0,0.0,26.0,0.0,34.0,37208.0,7.2,7.4,6.5,9.0,7.0,1
1.0,0.0,2.0,9.0,6.0,17.0,1.0,6.0,7538.0,3.9,3.6,5.4,2.4,5.3,0
27.0,10.0,12.0,40.0,1.0,22.0,0.0,29.0,27007.0,9.5,7.8,7.4,6.7,7.0,1
35.0,19.0,26.0,14.0,1.0,8.0,0.0,60.0,35886.0,6.6,7.1,6.5,7.0,9.2,1
32.0,2.0,16.0,8.0,1.0,52.0,0.0,8.0,8455.0,6.6,6.1,9.4,8.4,6.7,1
4.0,4.0,2.0,7.0,3.0,8.0,2.0,18.0,1577.0,4.6,3.1,3.7,3.9,2.9,0
10.0,4.0,6.0,38.0,1.0,29.0,0.0,22.0,10126.0,9.6,9.3,10.0,6.1,9.5,1
